{
  "n_folds": 15,
  "seasonal_naive": {
    "mean_pinball": 12.999750463542007,
    "std_pinball": 4.34727292393591
  },
  "climatology": {
    "mean_pinball": 8.327253947992943,
    "std_pinball": 4.5504709245631005
  },
  "benchmark": {
    "mean_pinball": 15.143282322068613,
    "std_pinball": 7.595663144420847
  },
  "lightgbm": {
    "mean_pinball": 3.875742902172886,
    "std_pinball": 1.508786247192496,
    "mean_coverage_90": 0.8269625789383854,
    "mean_coverage_50": 0.3953048728451954
  },
  "dm_naive_vs_clim_significant": 0.8666666666666667,
  "dm_clim_vs_benchmark_significant": 1.0,
  "dm_lgb_vs_clim_significant": 1.0,
  "dm_lgb_vs_benchmark_significant": 1.0
}